<?xml version="1.0" encoding="UTF-8" standalone="yes"?>
<manifest>
  <control namespace="rcaCustomPCFComponentBorderAnimation" constructor="rcaCustomPCFComponentBorderAnimation" version="0.0.1" display-name-key="Border_Animation_Display_Key" description-key="Border_Animation_Description_Key" control-type="standard" api-version="1.3.18">
    <external-service-usage enabled="false"/>
    <property name="StartColor" display-name-key="Start_Color_Display_Key" description-key="Start_Color_Description_Key" of-type="SingleLine.Text" usage="input" required="false" pfx-default-value="#2d3561"/>
    <property name="EndColor" display-name-key="End_Color_Display_Key" description-key="End_Color_Description_Key" of-type="SingleLine.Text" usage="input" required="false" pfx-default-value="#ffb961"/>
    <property name="AnimationSpeed" display-name-key="Animation_Speed_Display_Key" description-key="Animation_Speed_Description_Key" of-type="Decimal" usage="input" required="false" pfx-default-value="5"/>
    <property name="BorderRadius" display-name-key="Border_Radius_Display_Key" description-key="Border_Radius_Description_Key" of-type="Whole.None" usage="input" required="false" pfx-default-value="0"/>
    <property name="Opacity" display-name-key="Opacity_Display_Key" description-key="Opacity_Description_Key" of-type="Decimal" usage="input" required="false" pfx-default-value="1.0"/>
    <resources>
      <code path="bundle.js" order="1"/>
      <css path="css/BorderAnimation.css" order="1"/>
    </resources>
    <feature-usage/>
    <built-by name="pac" version="1.51.1"/>
  </control>
</manifest>