<?xml version="1.0" encoding="UTF-8" standalone="yes"?>
<manifest>
  <control namespace="RyanAgatep" constructor="GradientBorder" version="0.0.1" display-name-key="Border_Animation_Display" description-key="Border_Animation_Description" control-type="standard" api-version="1.3.18">
    <external-service-usage enabled="false"/>
    <property name="StartColor" display-name-key="Start_Color_Display" description-key="Start_Color_Description" of-type="SingleLine.Text" usage="input" required="false" pfx-default-value="#2d3561"/>
    <property name="EndColor" display-name-key="End_Color_Display" description-key="End_Color_Description" of-type="SingleLine.Text" usage="input" required="false" pfx-default-value="#ffb961"/>
    <property name="AnimationSpeed" display-name-key="Animation_Speed_Display" description-key="Animation_Speed_Description" of-type="Decimal" usage="input" required="false" pfx-default-value="5"/>
    <property name="BorderRadius" display-name-key="Border_Radius_Display" description-key="Border_Radius_Description" of-type="Whole.None" usage="input" required="false" pfx-default-value="0"/>
    <property name="Opacity" display-name-key="Opacity_Display" description-key="Opacity_Description" of-type="Decimal" usage="input" required="false" pfx-default-value="1.0"/>
    <resources>
      <code path="bundle.js" order="1"/>
      <css path="css/BorderAnimation.css" order="1"/>
      <resx path="strings/GradientBorder.1033.resx" version="1.0.0"/>
    </resources>
    <feature-usage/>
    <built-by name="pac" version="1.51.1"/>
  </control>
</manifest>